Area type,Area,ISO 3 code,Year,total_generation_twh,Bioenergy_generation_twh,Coal_generation_twh,Gas_generation_twh,Hydro_generation_twh,Nuclear_generation_twh,Other_Fossil_generation_twh,Other_Renewables_generation_twh,Solar_generation_twh,Wind_generation_twh,total_emissions_mtco2,Total_Generation,Grid_Carbon_Factor_gco2_per_kwh
Country or economy,Australia,AUS,2000,216.83,0.89,180.26,16.76,16.47,0,2.27,0,0.05,0.13,174.76,216.83,805.98
Country or economy,Australia,AUS,2001,224.26,0.8,179.88,24.5,16.12,0,2.62,0,0.05,0.29,180.11,224.26,803.13
Country or economy,Australia,AUS,2002,223.49,1.27,171.86,30.55,16.09,0,3.13,0,0.06,0.53,177.6,223.49,794.67
Country or economy,Australia,AUS,2003,225.95,1.69,173.61,30.15,16.21,0,3.53,0,0.06,0.7,178.99,225.95,792.17
Country or economy,Australia,AUS,2004,229.23,2.82,178.96,27.36,15.69,0,3.53,0,0.07,0.8,181.74,229.23,792.83
Country or economy,Australia,AUS,2005,230.74,3.87,182.98,23.26,15.47,0,3.78,0,0.08,1.3,182.7,230.74,791.8
Country or economy,Australia,AUS,2006,237.99,3.93,185.76,27.29,14.95,0,3.8,0,0.1,2.16,188.13,237.99,790.5
Country or economy,Australia,AUS,2007,243.19,4.28,185.49,33.4,13.05,0,4.01,0,0.11,2.85,192.4,243.19,791.15
Country or economy,Australia,AUS,2008,245.38,3.7,184.24,36.31,11.82,0,5.71,0,0.14,3.46,194.22,245.38,791.51
Country or economy,Australia,AUS,2009,249.9,2.79,182.02,41.12,12.64,0,6.6,0,0.29,4.44,196.2,249.9,785.11
Country or economy,Australia,AUS,2010,250.97,2.44,176.02,46.79,13.75,0,6,0,0.98,4.99,194.67,250.97,775.67
Country or economy,Australia,AUS,2011,256.28,2.57,171.98,48.78,19.57,0,4.91,0,2.04,6.43,192.06,256.28,749.42
Country or economy,Australia,AUS,2012,250.66,3.1,165.38,49.81,17.04,0,5.2,0,2.41,7.72,187.24,250.66,746.99
Country or economy,Australia,AUS,2013,249.56,3.33,155.45,52.72,19.09,0,5.86,0,3.85,9.26,181.22,249.56,726.16
Country or economy,Australia,AUS,2014,247.65,3.55,155.23,53.66,14.48,0,6,0,4.95,9.78,181.82,247.65,734.18
Country or economy,Australia,AUS,2015,253.99,3.68,162.2,49.71,14.09,0,6.28,0,6.2,11.83,185.34,253.99,729.71
Country or economy,Australia,AUS,2016,258.23,3.63,162.36,48.11,17.63,0,6.02,0,7.44,13.04,184.25,258.23,713.51
Country or economy,Australia,AUS,2017,258.97,3.56,159.17,55.09,13.5,0,5.52,0,8.92,13.21,185.96,258.97,718.08
Country or economy,Australia,AUS,2018,262.63,3.59,156.56,51.46,17.31,0,5.12,0,12.33,16.26,180.8,262.63,688.42
Country or economy,Australia,AUS,2019,265.9,3.47,149.84,55.71,14.02,0,5.09,0,18.3,19.47,178.18,265.9,670.1
Country or economy,Australia,AUS,2020,265.15,3.41,142.93,53.05,14.42,0,4.89,0,23.84,22.61,170.31,265.15,642.32
Country or economy,Australia,AUS,2021,267.45,3.34,137.4,47.63,15.94,0,5.15,0,31.19,26.8,162.05,267.45,605.91
Country or economy,Australia,AUS,2022,272.92,3.19,129.21,50.82,16.66,0,5.45,0,37.54,30.05,157.71,272.92,577.86
Country or economy,Australia,AUS,2023,273.11,3.13,125.61,46.67,15.08,0,5.76,0,44.99,31.87,152.04,273.11,556.7
Country or economy,Australia,AUS,2024,281.64,2.99,127.33,49.1,12.85,0,6.42,0,50.21,32.74,155.98,281.64,553.83
Country or economy,Belgium,BEL,2000,82.79,0.57,12.92,15.98,0.46,48.16,4.68,0,0,0.02,22.32,82.79,269.6
Country or economy,Belgium,BEL,2001,78.63,0.6,9.94,15.78,0.44,46.35,5.48,0,0,0.04,19.88,78.63,252.83
Country or economy,Belgium,BEL,2002,80.94,0.72,10.03,17.87,0.36,47.36,4.54,0,0,0.06,20.22,80.94,249.82
Country or economy,Belgium,BEL,2003,83.57,0.86,9.64,21.61,0.25,47.38,3.74,0,0,0.09,20.82,83.57,249.13
Country or economy,Belgium,BEL,2004,82.91,1.04,9.15,20.04,0.32,47.31,4.91,0,0,0.14,20.53,82.91,247.62
Country or economy,Belgium,BEL,2005,84.38,1.59,8.2,21.5,0.29,47.6,4.97,0,0,0.23,20.34,84.38,241.05
Country or economy,Belgium,BEL,2006,83.34,2.23,6.85,21.99,0.36,46.65,4.89,0,0,0.37,19.3,83.34,231.58
Country or economy,Belgium,BEL,2007,86.81,2.6,6.47,24.66,0.39,48.23,3.96,0,0.01,0.49,19.47,86.81,224.28
Country or economy,Belgium,BEL,2008,83.06,3.33,5.55,24.11,0.41,45.57,3.41,0,0.04,0.64,18.13,83.06,218.28
Country or economy,Belgium,BEL,2009,89.76,3.95,5.18,29.25,0.33,47.22,2.67,0,0.17,0.99,19.47,89.76,216.91
Country or economy,Belgium,BEL,2010,93.03,4.38,4.2,30.84,0.31,47.94,3.49,0,0.58,1.29,19.8,93.03,212.84
Country or economy,Belgium,BEL,2011,89.27,4.63,3.48,25.44,0.2,48.23,3.77,0,1.21,2.31,17.22,89.27,192.9
Country or economy,Belgium,BEL,2012,81.51,5.24,3.39,23.57,0.36,40.29,3.75,0,2.15,2.76,16.52,81.51,202.68
Country or economy,Belgium,BEL,2013,81.95,5.03,3.01,20.8,0.38,42.64,3.78,0,2.64,3.67,15.1,81.95,184.26
Country or economy,Belgium,BEL,2014,71.2,4.41,2.09,19.34,0.29,33.7,3.86,0,2.89,4.62,13.52,71.2,189.89
Country or economy,Belgium,BEL,2015,68.43,5.49,2.07,22.02,0.32,26.1,3.8,0,3.06,5.57,14.75,68.43,215.55
Country or economy,Belgium,BEL,2016,84.31,5.36,0.39,22.07,0.37,43.52,4.08,0,3.1,5.42,13.38,84.31,158.7
Country or economy,Belgium,BEL,2017,85.34,5.7,0,23.02,0.27,42.23,4.29,0,3.31,6.52,13.61,85.34,159.48
Country or economy,Belgium,BEL,2018,73.87,5.4,0,23.99,0.29,28.6,4.12,0,3.9,7.57,13.81,73.87,186.95
Country or economy,Belgium,BEL,2019,92.69,5.15,0,25.54,0.3,43.52,4.18,0,4.25,9.75,14.51,92.69,156.54
Country or economy,Belgium,BEL,2020,88.29,5.26,0,26.78,0.27,34.43,3.63,0,5.11,12.81,14.71,88.29,166.61
Country or economy,Belgium,BEL,2021,99.4,4.71,0,22.52,0.42,50.33,3.8,0,5.62,12,13.1,99.4,131.79
Country or economy,Belgium,BEL,2022,94.33,4.93,0,21.95,0.27,43.88,4.07,0,6.88,12.35,13.15,94.33,139.4
Country or economy,Belgium,BEL,2023,82.15,3.79,0,18.3,0.4,32.93,3.44,0,7.83,15.46,11.06,82.15,134.63
Country or economy,Belgium,BEL,2024,76.03,3.61,0,14.17,0.55,31.25,3.81,0,8.56,14.08,9.65,76.03,126.92
Country or economy,Brazil,BRA,2000,348.93,7.86,10.93,4.07,304.4,6.05,15.62,0,0,0,31.21,348.93,89.45
Country or economy,Brazil,BRA,2001,328.55,9.02,11.08,9.92,267.88,14.28,16.34,0,0,0.03,34.74,328.55,105.74
Country or economy,Brazil,BRA,2002,345.72,10.27,9.12,12.41,286.09,13.84,13.93,0,0,0.06,33.64,345.72,97.3
Country or economy,Brazil,BRA,2003,364.39,11.94,9.01,13.11,305.62,13.36,11.29,0,0,0.06,33.04,364.39,90.67
Country or economy,Brazil,BRA,2004,387.49,12.52,10.37,19.26,320.8,11.61,12.87,0,0,0.06,39.44,387.49,101.78
Country or economy,Brazil,BRA,2005,403.07,13.64,10.68,18.81,337.46,9.85,12.54,0,0,0.09,39.86,403.07,98.89
Country or economy,Brazil,BRA,2006,419.45,14.85,10.47,18.26,348.8,13.75,13.08,0,0,0.24,40.25,419.45,95.96
Country or economy,Brazil,BRA,2007,445.15,18.06,10.08,15.5,374.02,12.35,14.48,0,0,0.66,40.47,445.15,90.91
Country or economy,Brazil,BRA,2008,463.18,19.79,11.96,28.78,369.56,13.97,17.94,0,0,1.18,52.63,463.18,113.63
Country or economy,Brazil,BRA,2009,466.17,22.88,9.97,13.33,390.99,12.96,14.8,0,0,1.24,40.73,466.17,87.37
Country or economy,Brazil,BRA,2010,515.8,31.94,11.29,36.48,403.29,14.52,16.1,0,0,2.18,58.88,515.8,114.15
Country or economy,Brazil,BRA,2011,531.76,32.63,12.6,25.1,428.33,15.66,14.74,0,0,2.7,53.05,531.76,99.76
Country or economy,Brazil,BRA,2012,552.5,35.77,14.47,46.76,415.34,16.04,19.07,0,0,5.05,70.91,552.5,128.34
Country or economy,Brazil,BRA,2013,570.83,40.97,21.97,69,390.99,15.45,25.87,0,0,6.58,95.81,570.83,167.84
Country or economy,Brazil,BRA,2014,590.55,47.08,26.9,81.07,373.44,15.38,34.45,0,0.02,12.21,113.94,590.55,192.94
Country or economy,Brazil,BRA,2015,581.22,49.88,26.98,79.49,359.74,14.73,28.71,0,0.06,21.63,109.64,581.22,188.64
Country or economy,Brazil,BRA,2016,578.89,51.33,25.67,56.48,380.91,15.86,15.06,0,0.09,33.49,86.63,578.89,149.65
Country or economy,Brazil,BRA,2017,589.32,52.91,22.85,65.59,370.91,15.74,18.12,0,0.83,42.37,91.86,589.32,155.88
Country or economy,Brazil,BRA,2018,601.39,54.38,20.8,54.62,388.97,15.67,15.01,0,3.46,48.48,82.36,601.39,136.95
Country or economy,Brazil,BRA,2019,633.33,54.92,21.68,65.96,397.88,16.13,14.12,0,6.65,55.99,89.89,633.33,141.93
Country or economy,Brazil,BRA,2020,628.76,58.74,17.75,59.48,396.38,14.05,14.56,0,10.75,57.05,83.85,628.76,133.36
Country or economy,Brazil,BRA,2021,656.4,56.01,24.24,86.96,362.82,14.7,22.63,0,16.75,72.29,110.32,656.4,168.07
Country or economy,Brazil,BRA,2022,677.16,55.02,14.4,42.11,427.11,14.56,12.2,0,30.13,81.63,70.01,677.16,103.39
Country or economy,Brazil,BRA,2023,708.12,57.76,13.31,38.59,426,14.5,11.53,0,50.63,95.8,68.16,708.12,96.26
Country or economy,Brazil,BRA,2024,745.72,58.24,16.21,48.76,413.21,15.78,13.71,0,71.32,108.49,79.09,745.72,106.06
Country or economy,Canada,CAN,2000,603.82,8.92,116.23,35.83,356.76,72.29,13.51,0,0.02,0.26,148.35,603.82,245.69
Country or economy,Canada,CAN,2001,587.76,9.67,111.69,42.29,331.52,76.16,16.08,0,0.02,0.33,150.26,587.76,255.65
Country or economy,Canada,CAN,2002,599.79,10.05,110.7,38.83,349.27,75,15.51,0,0.02,0.41,147.02,599.79,245.12
Country or economy,Canada,CAN,2003,588.27,9.42,109.56,38.73,336.14,74.37,19.34,0,0.02,0.69,148.03,588.27,251.64
Country or economy,Canada,CAN,2004,598.5,9.8,99.9,40.44,338.4,89.76,19.25,0,0.01,0.94,140.85,598.5,235.34
Country or economy,Canada,CAN,2005,620.5,9.16,102.86,36.88,361.96,91.4,16.65,0,0.02,1.57,139.62,620.5,225.01
Country or economy,Canada,CAN,2006,608.43,8.94,95.92,40.42,352.89,97.28,10.49,0,0.02,2.47,131.73,608.43,216.51
Country or economy,Canada,CAN,2007,634.19,8.99,106.47,43.01,367.62,92.83,12.23,0,0.03,3.01,144.44,634.19,227.76
Country or economy,Canada,CAN,2008,635.11,7.98,100.8,39.63,377.49,95.35,10.03,0,0.04,3.79,135.58,635.11,213.48
Country or economy,Canada,CAN,2009,613.87,8.94,84.72,45.27,368.69,89.46,10.04,0,0.11,6.64,125.43,613.87,204.33
Country or economy,Canada,CAN,2010,607.03,10.3,86.45,52.78,351.39,90.03,7.1,0,0.26,8.72,130.38,607.03,214.78
Country or economy,Canada,CAN,2011,638.27,10.21,79.9,62.53,375.72,92.94,6.21,0,0.57,10.19,131.6,638.27,206.18
Country or economy,Canada,CAN,2012,636.54,10.91,69.35,63.24,380.27,94.2,6.38,0,0.88,11.31,123.1,636.54,193.39
Country or economy,Canada,CAN,2013,655.69,11.04,70.54,60.29,391.79,102.72,6.66,0,1.5,11.15,122.59,655.69,186.96
Country or economy,Canada,CAN,2014,652.97,9.8,69.38,65.05,382.5,106.54,4.76,0,2.12,12.82,123.32,652.97,188.86
Country or economy,Canada,CAN,2015,661.08,9.99,64.96,67.98,382.19,101.1,5,0,2.89,26.97,121.88,661.08,184.37
Country or economy,Canada,CAN,2016,667.13,11.36,65.02,65.82,385.43,100.72,4.84,0,3.01,30.93,120.67,667.13,180.88
Country or economy,Canada,CAN,2017,669.35,11.15,62.81,61.46,394.59,100.6,3.92,0,3.31,31.51,115.17,669.35,172.06
Country or economy,Canada,CAN,2018,661.2,10.54,53.02,70.74,385.89,100.03,4.02,0,3.49,33.47,112.97,661.2,170.86
Country or economy,Canada,CAN,2019,655.7,10.31,50.14,72.94,381.77,100.49,3.42,0,3.75,32.88,111.46,655.7,169.99
Country or economy,Canada,CAN,2020,655.89,10.41,39.04,75.59,386.55,97.51,6.96,0,4.07,35.76,106.05,655.89,161.69
Country or economy,Canada,CAN,2021,652.4,10.55,34.83,83.6,382.43,91.98,6.6,0,5.11,37.3,107.89,652.4,165.37
Country or economy,Canada,CAN,2022,664.08,9.52,26.49,90.44,397.73,86.63,8.05,0,5.74,39.48,106.65,664.08,160.6
Country or economy,Canada,CAN,2023,641.39,9.8,23.74,102.88,360.74,88.43,6.89,0,8.4,40.51,111.84,641.39,174.37
Country or economy,Canada,CAN,2024,636.79,9.83,25.14,109.6,343.2,85.47,7.3,0,9.42,46.83,118.03,636.79,185.35
Country or economy,China,CHN,2000,1355.6,2.54,1060.26,5.77,222.41,16.74,47.27,0,0.02,0.59,1062.12,1355.6,783.51
Country or economy,China,CHN,2001,1480.79,2.55,1129.14,4.93,277.43,17.47,48.52,0,0.03,0.72,1129.67,1480.79,762.88
Country or economy,China,CHN,2002,1654.01,2.55,1282.57,4.19,287.97,25.13,50.71,0,0.05,0.84,1279.04,1654.01,773.3
Country or economy,China,CHN,2003,1910.58,2.54,1519.97,5.16,283.68,43.34,54.83,0,0.06,1,1511.11,1910.58,790.92
Country or economy,China,CHN,2004,2203.31,2.53,1722.42,7.46,353.54,50.47,65.53,0,0.08,1.28,1715.28,2203.31,778.5
Country or economy,China,CHN,2005,2500.26,5.32,1980.15,12.14,397.02,53.09,50.51,0,0.08,1.95,1955.41,2500.26,782.08
Country or economy,China,CHN,2006,2865.72,7.13,2302.42,23.82,435.79,54.84,37.92,0,0.09,3.71,2254.3,2865.72,786.64
Country or economy,China,CHN,2007,3281.54,9.86,2656.7,33.91,485.26,62.13,28.09,0,0.11,5.48,2576.8,3281.54,785.24
Country or economy,China,CHN,2008,3495.76,14.87,2708.91,34.57,636.96,68.39,18.81,0,0.15,13.1,2611.53,3495.76,747.06
Country or economy,China,CHN,2009,3714.64,20.86,2911.52,56.56,615.64,70.05,12.12,0,0.28,27.61,2797.62,3714.64,753.13
Country or economy,China,CHN,2010,4207.16,24.9,3233.6,77.73,711.38,74.74,34.71,0,0.7,49.4,3116.46,4207.16,740.75
Country or economy,China,CHN,2011,4713.02,27.63,3690.87,108.77,688.04,87.2,33.8,0,2.61,74.1,3545.88,4713.02,752.36
Country or economy,China,CHN,2012,4987.54,30.13,3748.19,110.25,862.79,98.32,31.22,0,3.59,103.05,3592.41,4987.54,720.28
Country or economy,China,CHN,2013,5431.63,37.13,4077.37,116.39,909.61,111.5,33,0,8.37,138.26,3897.27,5431.63,717.51
Country or economy,China,CHN,2014,5794.45,46.27,4203.06,133.28,1059.69,133.22,35.66,0,23.51,159.76,4020.49,5794.45,693.85
Country or economy,China,CHN,2015,5814.58,54.07,4046.17,166.91,1114.52,171.38,36.46,0,39.48,185.59,3883.25,5814.58,667.85
Country or economy,China,CHN,2016,6133.16,62.13,4156.35,188.28,1153.27,213.18,52.56,0,66.53,240.86,3997.36,6133.16,651.76
Country or economy,China,CHN,2017,6604.44,79.6,4430.03,203.2,1165.06,248.1,56.05,0,117.8,304.6,4254.61,6604.44,644.21
Country or economy,China,CHN,2018,7166.14,93.8,4763.85,215.5,1198.89,295,56.4,0,176.9,365.8,4564.01,7166.14,636.89
Country or economy,China,CHN,2019,7503.43,112.8,4855.12,232.5,1272.54,348.7,52.47,0,224,405.3,4649.37,7503.43,619.63
Country or economy,China,CHN,2020,7779.07,135.7,4921.89,252.5,1321.71,366.2,53.47,0,261.1,466.5,4716.4,7779.07,606.29
Country or economy,China,CHN,2021,8534.26,166,5333.8,287.1,1300,407.5,57.06,0,327,655.8,5112.41,8534.26,599.05
Country or economy,China,CHN,2022,8848.71,182.6,5414.72,275.62,1298.12,417.78,69.93,0,427.27,762.67,5191.99,8848.71,586.75
Country or economy,China,CHN,2023,9456.45,198.2,5752.74,297.8,1226,434.72,76.97,0,584.15,885.87,5513.5,9456.45,583.04
Country or economy,China,CHN,2024,10086.88,208.5,5827.6,320.72,1354.25,450.85,88.88,0,839.04,997.04,5602.24,10086.88,555.4
Country or economy,France,FRA,2000,532.56,2.48,27,11.51,64.78,415.16,11.06,0.51,0.01,0.05,42.48,532.56,79.77
Country or economy,France,FRA,2001,542.6,2.85,20.48,15.15,72.62,421.08,9.8,0.48,0.01,0.13,37.24,542.6,68.63
Country or economy,France,FRA,2002,551.24,3.04,23.66,18.37,58.88,436.76,9.76,0.49,0.01,0.27,41.46,551.24,75.21
Country or economy,France,FRA,2003,559.13,3.23,26.26,19.37,57.35,441.07,10.96,0.49,0.01,0.39,45.21,559.13,80.86
Country or economy,France,FRA,2004,566.3,3.31,24.37,21.05,58.04,448.24,10.22,0.47,0.01,0.59,43.71,566.3,77.19
Country or economy,France,FRA,2005,569.14,3.39,27.51,23.07,50.14,451.53,12.05,0.48,0.01,0.96,48.68,569.14,85.53
Country or economy,France,FRA,2006,567.3,3.38,22.89,21.76,54.88,450.19,11.55,0.46,0.01,2.18,43.44,567.3,76.57
Country or economy,France,FRA,2007,561.84,3.75,24.45,21.99,55.99,439.73,11.37,0.47,0.02,4.07,45.01,561.84,80.11
Country or economy,France,FRA,2008,566.98,3.97,23.06,21.88,62.16,439.45,10.26,0.47,0.04,5.69,43.11,566.98,76.03
Country or economy,France,FRA,2009,528.87,4.13,21.67,20.5,55.49,409.74,8.81,0.45,0.17,7.91,39.98,528.87,75.6
Country or economy,France,FRA,2010,562.36,4.44,23.36,23.76,61.2,428.52,10.04,0.48,0.62,9.94,44.18,562.36,78.56
Country or economy,France,FRA,2011,567.65,5.04,17.39,29.49,45.74,442.39,12.36,0.54,2.33,12.37,42.36,567.65,74.62
Country or economy,France,FRA,2012,567.58,5.3,21.46,22.75,59.83,425.41,12.71,0.51,4.43,15.18,44.04,567.58,77.59
Country or economy,France,FRA,2013,576.75,5.68,23.84,18.39,71.92,423.68,11.41,0.5,5.19,16.14,44,576.75,76.29
Country or economy,France,FRA,2014,566.31,5.99,11.26,13.16,63.77,436.48,11.38,0.56,6.39,17.32,29.57,566.31,52.22
Country or economy,France,FRA,2015,574.14,6.53,11.89,21.14,55.56,437.43,11.84,0.58,7.75,21.42,33.97,574.14,59.17
Country or economy,France,FRA,2016,558.84,7.52,10.23,34.97,60.84,403.2,11.44,0.6,8.66,21.38,38.35,558.84,68.62
Country or economy,France,FRA,2017,555.74,7.78,12.81,40.5,50,398.36,12.16,0.65,8.87,24.61,43.52,555.74,78.31
Country or economy,France,FRA,2018,576.24,8.38,8.31,30.55,65.11,412.94,10.59,0.61,11.15,28.6,34.53,576.24,59.92
Country or economy,France,FRA,2019,565.52,8.64,3.64,39.24,56.91,399.01,10.73,0.61,12.02,34.72,33.81,565.52,59.79
Country or economy,France,FRA,2020,527.25,8.76,3.09,35.25,62.52,353.83,10.05,0.61,13.09,40.05,31.15,527.25,59.08
Country or economy,France,FRA,2021,550.31,9.58,5.44,33.31,59.54,379.36,10.1,0.58,15.28,37.12,32.91,550.31,59.8
Country or economy,France,FRA,2022,468.25,9.67,4.16,45.74,45.56,294.73,10.45,0.6,19.34,38,36.79,468.25,78.57
Country or economy,France,FRA,2023,516.86,10.48,1.61,30.02,55.9,338.2,9.43,0.58,22.59,48.05,27.72,516.86,53.63
Country or economy,France,FRA,2024,560.11,11.44,1.02,18.1,71.12,380.45,9.54,0.57,24.87,43,22.87,560.11,40.83
Country or economy,Germany,DEU,2000,568.95,4.33,296.68,49.2,21.73,169.61,18.05,0,0,9.35,326.1,568.95,573.16
Country or economy,Germany,DEU,2001,578.94,4.59,293.74,55.5,22.73,171.3,20.52,0,0.1,10.46,327.38,578.94,565.48
Country or economy,Germany,DEU,2002,583.76,5.31,299.6,56.3,23.12,164.84,18.53,0,0.2,15.86,332.52,583.76,569.62
Country or economy,Germany,DEU,2003,602.03,8.95,304.63,62.59,18.32,165.06,23.08,0,0.31,19.09,343.16,602.03,570.01
Country or economy,Germany,DEU,2004,609.6,10.64,298.77,62.67,20.75,167.07,23.12,0,0.56,26.02,338.15,609.6,554.71
Country or economy,Germany,DEU,2005,613.34,14.71,288.14,72.19,19.64,163.05,26.53,0,1.31,27.77,335.07,613.34,546.3
Country or economy,Germany,DEU,2006,630.2,18.94,288.93,74.73,20.03,167.27,26.71,0,2.27,31.32,337.92,630.2,536.21
Country or economy,Germany,DEU,2007,631.1,24.62,297.1,77.45,21.17,140.53,26.58,0,3.14,40.51,348.25,631.1,551.81
Country or economy,Germany,DEU,2008,632.29,28.02,275.21,88.48,20.44,148.49,25.74,0.02,4.51,41.38,332.21,632.29,525.41
Country or economy,Germany,DEU,2009,587.96,30.89,253.45,80.27,19.03,134.93,23.23,0.02,6.72,39.42,306.65,587.96,521.55
Country or economy,Germany,DEU,2010,624.21,33.92,262.89,88.76,20.95,140.56,26.59,0.03,11.96,38.55,322.5,624.21,516.65
Country or economy,Germany,DEU,2011,605,36.89,262.46,85.67,17.67,107.97,24.47,0.02,19.99,49.86,320.45,605,529.67
Country or economy,Germany,DEU,2012,619.81,43.2,276.23,75.95,21.75,99.46,24.77,0.03,26.74,51.68,331.08,619.81,534.16
Country or economy,Germany,DEU,2013,629.69,45.51,288.2,67,23,97.29,25.25,0.08,30.62,52.74,338.8,629.69,538.04
Country or economy,Germany,DEU,2014,618.75,48.29,274.41,60.61,19.59,97.13,24.67,0.1,35.45,58.5,322.79,618.75,521.68
Country or economy,Germany,DEU,2015,639.17,50.33,272.2,61.47,18.98,91.79,25.57,0.13,38.08,80.62,321.88,639.17,503.59
Country or economy,Germany,DEU,2016,641.52,50.93,261.75,80.62,20.55,84.63,25.39,0.17,37.56,79.92,319.67,641.52,498.3
Country or economy,Germany,DEU,2017,644.46,50.92,241.26,86.04,20.15,76.32,25.16,0.16,38.76,105.69,302.71,644.46,469.71
Country or economy,Germany,DEU,2018,632.28,50.79,228.16,81.56,17.69,76,23.63,0.18,44.32,109.95,287.4,632.28,454.55
Country or economy,Germany,DEU,2019,600.09,50.13,171.45,90,19.73,75.07,22.4,0.2,45.22,125.89,235.54,600.09,392.51
Country or economy,Germany,DEU,2020,566.75,50.93,134.6,95,18.72,64.38,21.28,0.23,49.5,132.11,201.54,566.75,355.61
Country or economy,Germany,DEU,2021,578.83,49.1,164.65,90.31,19.66,69.13,22.24,0.24,49.34,114.16,228.43,578.83,394.64
Country or economy,Germany,DEU,2022,566.88,48.6,179.93,79.05,17.62,34.71,21.65,0.21,60.3,124.81,237.94,566.88,419.74
Country or economy,Germany,DEU,2023,503.69,51.26,124.78,76.66,21.24,7.22,20.96,0.19,63.87,137.51,183.86,503.69,365.03
Country or economy,Germany,DEU,2024,492.96,51.08,106.33,78.41,23.83,0,20.39,0.22,74.13,138.57,166.8,492.96,338.36
Country or economy,India,IND,2000,571.39,1.69,390.23,55.96,76.99,15.77,29.16,0,0.01,1.58,422.85,571.39,740.04
Country or economy,India,IND,2001,586.09,2.07,408.29,55.93,72.02,18.89,26.79,0,0.01,2.09,438.04,586.09,747.39
Country or economy,India,IND,2002,609.64,2.14,426.7,62.88,68.54,19.35,27.93,0,0.01,2.09,460.74,609.64,755.76
Country or economy,India,IND,2003,638.13,2.71,441.47,72.8,69.3,18.14,31.09,0,0.02,2.6,483.71,638.13,758.01
Country or economy,India,IND,2004,698.32,3.31,463.01,76.58,100.64,21.26,28.27,0,0.02,5.23,505.44,698.32,723.79
Country or economy,India,IND,2005,704.52,4.04,478.48,75.47,97.42,17.73,25.37,0,0.02,5.99,517.14,704.52,734.03
Country or economy,India,IND,2006,744.43,5.59,505.46,74.7,112.62,17.63,19.08,0,0.01,9.34,538.25,744.43,723.04
Country or economy,India,IND,2007,796.26,7.4,533.27,90.05,122.61,17.83,13.36,0,0.06,11.68,571.61,796.26,717.87
Country or economy,India,IND,2008,828.41,9.3,573.12,85.88,115.17,15.23,15.27,0,0.06,14.38,607.29,828.41,733.08
Country or economy,India,IND,2009,878.63,10.56,611.11,104.37,106.34,16.82,13.08,0,0.08,16.27,654.18,878.63,744.55
Country or economy,India,IND,2010,936.39,13.22,642.97,118.03,108.74,23.08,10.78,0,0.11,19.46,692.39,936.39,739.43
Country or economy,India,IND,2011,1032.32,15.46,701.25,117.56,131.7,32.22,9.35,0,0.83,23.95,745.45,1032.32,722.11
Country or economy,India,IND,2012,1088.42,16.52,787.13,96.25,115.78,33.14,10.07,0,2.1,27.43,808.54,1088.42,742.86
Country or economy,India,IND,2013,1141.23,17.57,847.97,66.31,131.98,33.31,10.65,0,3.43,30.01,843.36,1141.23,738.99
Country or economy,India,IND,2014,1258.68,21.14,949.93,64.01,139,34.69,11.55,0,4.91,33.45,935.48,1258.68,743.22
Country or economy,India,IND,2015,1310.56,18.36,1006.55,64.77,133.48,38.31,9.26,0,7.09,32.74,983.74,1310.56,750.63
Country or economy,India,IND,2016,1394.93,17.2,1073.6,72.62,128.55,37.9,9.41,0,12.2,43.45,1048.81,1394.93,751.87
Country or economy,India,IND,2017,1462.39,14.99,1115.24,74.99,135.98,37.41,8.79,0,22.36,52.63,1086.68,1462.39,743.09
Country or economy,India,IND,2018,1571.65,18.4,1198.86,71.26,139.92,39.05,6.4,0,37.45,60.31,1159.44,1571.65,737.72
Country or economy,India,IND,2019,1611.18,18.99,1198.76,71.95,162.29,45.16,3.07,0,47.65,63.31,1157.44,1611.18,718.38
Country or economy,India,IND,2020,1570.97,19.88,1143.78,74.79,163.94,44.61,3.09,0,60.45,60.43,1108.92,1570.97,705.88
Country or economy,India,IND,2021,1683.32,21.2,1255.56,60.4,160.57,43.92,3.39,0,70.19,68.09,1201.07,1683.32,713.51
Country or economy,India,IND,2022,1806.14,23.29,1344.42,46.17,175.09,46.19,3.48,0,97.45,70.05,1273.68,1806.14,705.2
Country or economy,India,IND,2023,1918.97,23.01,1445.44,50.8,149.43,48.2,3.85,0,116.13,82.11,1368.45,1918.97,713.12
Country or economy,India,IND,2024,2030.2,22.25,1517.9,56.44,156.53,54.7,4.09,0,136.75,81.54,1436.27,2030.2,707.45
Country or economy,Ireland,IRL,2000,23.62,0.09,6.82,9.26,0.85,0,6.36,0,0,0.24,14.95,23.62,632.94
Country or economy,Ireland,IRL,2001,24.58,0.1,7.06,9.15,0.6,0,7.34,0,0,0.33,15.77,24.58,641.58
Country or economy,Ireland,IRL,2002,24.8,0.08,6.82,10.83,0.91,0,5.77,0,0,0.39,15.27,24.8,615.73
Country or economy,Ireland,IRL,2003,24.82,0.09,6.2,13.04,0.6,0,4.44,0,0,0.45,14.79,24.82,595.89
Country or economy,Ireland,IRL,2004,25.18,0.11,6.23,12.9,0.63,0,4.66,0,0,0.65,14.9,25.18,591.74
Country or economy,Ireland,IRL,2005,25.58,0.13,6.39,11.57,0.63,0,5.75,0,0,1.11,15.18,25.58,593.43
Country or economy,Ireland,IRL,2006,27.07,0.13,5.88,13.79,0.72,0,4.93,0,0,1.62,15.16,27.07,560.03
Country or economy,Ireland,IRL,2007,28.33,0.18,5.44,16.06,0.67,0,4.02,0,0,1.96,15.19,28.33,536.18
Country or economy,Ireland,IRL,2008,29.89,0.22,5.14,16.72,0.97,0,4.43,0,0,2.41,15.47,29.89,517.56
Country or economy,Ireland,IRL,2009,27.94,0.26,4,16.3,0.9,0,3.52,0,0,2.96,13.62,27.94,487.47
Country or economy,Ireland,IRL,2010,28.11,0.31,3.55,18.11,0.6,0,2.73,0,0,2.81,13.47,28.11,479.19
Country or economy,Ireland,IRL,2011,27.13,0.34,3.94,15.43,0.71,0,2.33,0,0,4.38,12.4,27.13,457.06
Country or economy,Ireland,IRL,2012,27.09,0.44,5.02,14.14,0.8,0,2.68,0,0,4.01,13.12,27.09,484.31
Country or economy,Ireland,IRL,2013,25.54,0.49,4.28,13.13,0.6,0,2.5,0,0,4.54,11.86,25.54,464.37
Country or economy,Ireland,IRL,2014,25.78,0.54,3.96,12.64,0.71,0,2.79,0,0,5.14,11.54,25.78,447.63
Country or economy,Ireland,IRL,2015,28.05,0.48,4.87,12.45,0.81,0,2.87,0,0,6.57,12.37,28.05,441
Country or economy,Ireland,IRL,2016,30.2,0.68,4.7,15.34,0.68,0,2.65,0,0,6.15,13.41,30.2,444.04
Country or economy,Ireland,IRL,2017,30.66,0.74,3.64,15.68,0.69,0,2.46,0,0.01,7.44,12.44,30.66,405.74
Country or economy,Ireland,IRL,2018,30.9,0.85,2.15,16.02,0.69,0,2.53,0,0.02,8.64,11.25,30.9,364.08
Country or economy,Ireland,IRL,2019,30.71,0.85,0.51,15.91,0.89,0,2.5,0,0.03,10.02,9.62,30.71,313.25
Country or economy,Ireland,IRL,2020,31.97,0.92,0.67,16.24,0.93,0,1.6,0,0.06,11.55,9.36,31.97,292.77
Country or economy,Ireland,IRL,2021,31.58,0.99,2.72,15.16,0.75,0,2.1,0,0.08,9.78,11.17,31.58,353.71
Country or economy,Ireland,IRL,2022,33.61,1.01,2.37,16.54,0.7,0,1.63,0,0.15,11.21,11.18,33.61,332.64
Country or economy,Ireland,IRL,2023,31.3,0.83,1.21,15.36,0.94,0,0.7,0,0.65,11.61,8.9,31.3,284.35
Country or economy,Ireland,IRL,2024,30.96,1,0.63,15.19,0.77,0,0.89,0,1.09,11.39,8.46,30.96,273.26
Country or economy,Israel,ISR,2000,42.66,0,29.22,0.01,0.03,0,13.4,0,0,0,33.89,42.66,794.42
Country or economy,Israel,ISR,2001,43.95,0,32.93,0.01,0.01,0,10.99,0,0,0.01,35.49,43.95,807.51
Country or economy,Israel,ISR,2002,45.5,0,35.1,0.03,0.02,0,10.34,0,0,0.01,36.93,45.5,811.65
Country or economy,Israel,ISR,2003,47.04,0,36.09,0.03,0.03,0,10.88,0,0,0.01,38.14,47.04,810.8
Country or economy,Israel,ISR,2004,47.28,0,36.49,4.34,0.03,0,6.41,0,0,0.01,38,47.28,803.72
Country or economy,Israel,ISR,2005,48.61,0,36.16,5.63,0.03,0,6.78,0,0,0.01,38.7,48.61,796.13
Country or economy,Israel,ISR,2006,50.56,0,35.71,9.09,0.01,0,5.74,0,0,0.01,39.61,50.56,783.43
Country or economy,Israel,ISR,2007,53.79,0,37.28,10.57,0.01,0,5.92,0,0,0.01,41.92,53.79,779.33
Country or economy,Israel,ISR,2008,56.79,0.01,35.35,15.38,0.02,0,6.02,0,0,0.01,43.07,56.79,758.41
Country or economy,Israel,ISR,2009,54.73,0.04,34.35,18.02,0.02,0,2.27,0,0.02,0.01,41.26,54.73,753.88
Country or economy,Israel,ISR,2010,58.55,0.06,34.24,21.95,0.03,0,2.19,0,0.07,0.01,43.37,58.55,740.73
Country or economy,Israel,ISR,2011,59.6,0.07,35.15,19.75,0.03,0,4.4,0,0.19,0.01,44.37,59.6,744.46
Country or economy,Israel,ISR,2012,63.01,0.08,38.72,10.57,0.03,0,13.23,0,0.37,0.01,48,63.01,761.78
Country or economy,Israel,ISR,2013,61.32,0.04,32.08,26.38,0.03,0,2.29,0,0.49,0.01,44.14,61.32,719.83
Country or economy,Israel,ISR,2014,60.86,0.06,30.1,29.46,0.01,0,0.34,0,0.88,0.01,42.93,60.86,705.39
Country or economy,Israel,ISR,2015,64.23,0.07,29.16,33.15,0.02,0,0.7,0,1.12,0.01,44.49,64.23,692.67
Country or economy,Israel,ISR,2016,67.01,0.11,24.16,40.82,0,0,0.33,0,1.54,0.05,44.37,67.01,662.14
Country or economy,Israel,ISR,2017,67.44,0,22.03,42.8,0,0,0.92,0,1.51,0.18,44.05,67.44,653.17
Country or economy,Israel,ISR,2018,69.02,0.13,20.6,46.04,0,0,0.5,0,1.57,0.18,44.42,69.02,643.58
Country or economy,Israel,ISR,2019,71.96,0.11,21.89,46.07,0,0,1.09,0,2.61,0.19,45.98,71.96,638.97
Country or economy,Israel,ISR,2020,71.78,0.12,18.96,48.5,0.02,0,0.45,0,3.53,0.2,44.49,71.78,619.81
Country or economy,Israel,ISR,2021,73.15,0.1,16.95,50.96,0.02,0,0.37,0,4.57,0.18,44.16,73.15,603.69
Country or economy,Israel,ISR,2022,74.38,0.11,16.74,51.3,0.02,0,0.54,0,5.35,0.32,44.32,74.38,595.86
Country or economy,Israel,ISR,2023,74.41,0.11,13.13,53.12,0,0,0.34,0,6.97,0.74,42.21,74.41,567.26
Country or economy,Italy,ITA,2000,269.94,1.39,26.28,101.36,44.2,0,91.43,4.7,0.02,0.56,135.42,269.94,501.67
Country or economy,Italy,ITA,2001,271.9,1.83,31.73,104.19,46.81,0,81.63,4.51,0.02,1.18,135.59,271.9,498.68
Country or economy,Italy,ITA,2002,277.53,2.71,35.45,99.41,39.52,0,94.36,4.66,0.02,1.4,145.17,277.53,523.08
Country or economy,Italy,ITA,2003,286.27,3.37,38.81,117.3,36.67,0,83.3,5.34,0.02,1.46,149.79,286.27,523.25
Country or economy,Italy,ITA,2004,293.71,4.22,45.52,129.84,42.34,0,64.48,5.44,0.03,1.84,150.08,293.71,510.98
Country or economy,Italy,ITA,2005,294.63,4.67,43.61,149.33,36.07,0,53.26,5.32,0.03,2.34,150.31,294.63,510.17
Country or economy,Italy,ITA,2006,305.61,5.11,44.21,158.14,36.99,0,52.62,5.53,0.04,2.97,154.87,305.61,506.76
Country or economy,Italy,ITA,2007,306.17,5.26,44.11,172.71,32.82,0,41.63,5.57,0.04,4.03,154.54,306.17,504.75
Country or economy,Italy,ITA,2008,311.57,5.97,43.07,172.77,41.62,0,37.57,5.52,0.19,4.86,151.27,311.57,485.51
Country or economy,Italy,ITA,2009,286.36,7.56,39.74,147.36,49.14,0,30,5.34,0.68,6.54,131.32,286.36,458.58
Country or economy,Italy,ITA,2010,296.63,9.44,39.73,152.81,51.12,0,27.12,5.38,1.91,9.12,132.43,296.63,446.45
Country or economy,Italy,ITA,2011,298.37,10.83,44.73,144.6,45.82,0,26.09,5.65,10.8,9.85,132.95,298.37,445.59
Country or economy,Italy,ITA,2012,295.25,12.49,49.14,129.14,41.87,0,24.75,5.59,18.86,13.41,129.37,295.25,438.17
Country or economy,Italy,ITA,2013,286.02,17.08,45.1,108.91,52.77,0,20.01,5.66,21.59,14.9,114.11,286.02,398.96
Country or economy,Italy,ITA,2014,276.53,18.72,43.45,93.66,58.55,0,18.74,5.92,22.31,15.18,104.89,276.53,379.31
Country or economy,Italy,ITA,2015,279.7,19.39,43.2,110.88,45.54,0,16.73,6.18,22.94,14.84,111.51,279.7,398.68
Country or economy,Italy,ITA,2016,285.95,19.5,35.61,126.17,42.43,0,16.16,6.29,22.1,17.69,111.4,285.95,389.58
Country or economy,Italy,ITA,2017,292.09,19.37,32.63,140.36,36.2,0,15.21,6.2,24.38,17.74,114.74,292.09,392.82
Country or economy,Italy,ITA,2018,286.06,19.14,28.47,128.56,48.79,0,14.62,6.11,22.65,17.72,104.95,286.06,366.88
Country or economy,Italy,ITA,2019,289.99,19.55,18.84,141.7,46.32,0,13.62,6.07,23.69,20.2,101.88,289.99,351.32
Country or economy,Italy,ITA,2020,276.81,19.62,13.38,133.7,47.55,0,12.83,6.03,24.94,18.76,92.51,276.81,334.2
Country or economy,Italy,ITA,2021,285.49,19.06,14.02,144.01,45.39,0,11.13,5.91,25.04,20.93,96.81,285.49,339.1
Country or economy,Italy,ITA,2022,280.17,17.61,22.61,141.47,28.4,0,15.63,5.84,28.12,20.49,105.86,280.17,377.84
Country or economy,Italy,ITA,2023,261.5,16.01,13.22,119.02,40.52,0,12.79,5.69,30.71,23.54,84.54,261.5,323.29
Country or economy,Italy,ITA,2024,267.51,17.23,3.95,118.59,53.13,0,10.78,5.67,35.99,22.17,75.29,267.51,281.45
Country or economy,Japan,JPN,2000,1099.67,16.11,238.24,258.5,84.47,319.12,182.78,0,0.34,0.11,466.73,1099.67,424.43
Country or economy,Japan,JPN,2001,1083.14,16.03,253.91,256.52,81.54,320.54,153.85,0,0.5,0.25,459.27,1083.14,424.02
Country or economy,Japan,JPN,2002,1103.07,16.94,264.42,252.76,80.6,314.26,172.99,0,0.69,0.41,478.43,1103.07,433.73
Country or economy,Japan,JPN,2003,1092.59,17.88,292.06,273.1,92.47,230.08,185.22,0,0.95,0.83,520.42,1092.59,476.32
Country or economy,Japan,JPN,2004,1121.19,18.05,295.39,257.86,91.67,285.87,169.64,0,1.27,1.44,504.83,1121.19,450.26
Country or economy,Japan,JPN,2005,1153.07,21.69,319.2,253.09,77.56,293.04,184.95,0,1.63,1.91,532.49,1153.07,461.8
Country or economy,Japan,JPN,2006,1164.35,21.53,311.34,280.04,88.81,304.29,154.21,0,2,2.13,520.75,1164.35,447.25
Country or economy,Japan,JPN,2007,1180.11,22.2,317.31,296.85,74.51,279.01,185.18,0,2.31,2.74,554.88,1180.11,470.19
Country or economy,Japan,JPN,2008,1183.7,21.29,333.7,324.83,75.16,251.74,171.45,0,2.59,2.94,574.36,1183.7,485.22
Country or economy,Japan,JPN,2009,1114.02,20.33,312.08,324.72,70.47,274.65,105.29,0,3.05,3.43,512.68,1114.02,460.21
Country or economy,Japan,JPN,2010,1156.04,21.83,316.85,326.09,88.5,292.36,102.5,0,3.98,3.93,516.36,1156.04,446.66
Country or economy,Japan,JPN,2011,1104.2,21.11,285.07,379.83,82.49,162.93,162.87,0,5.44,4.46,558,1104.2,505.34
Country or economy,Japan,JPN,2012,1106.88,22.13,334.3,435.49,77.1,17.99,207.77,0,7.37,4.73,658.07,1106.88,594.53
Country or economy,Japan,JPN,2013,1087.76,23.18,362.55,423.58,79.33,14.6,166.48,0,12.91,5.13,648.2,1087.76,595.9
Country or economy,Japan,JPN,2014,1062.72,23.63,355.6,450.88,81.71,0,122.34,0,23.55,5.01,628.63,1062.72,591.53
Country or economy,Japan,JPN,2015,1030.12,28.49,349.64,417.5,85.77,4.52,104.44,0,34.54,5.22,595.46,1030.12,578.05
Country or economy,Japan,JPN,2016,1063.7,23.67,338.59,458.43,79.43,17.68,97.23,0,43.33,5.34,603.16,1063.7,567.04
Country or economy,Japan,JPN,2017,1076.86,23.8,363.47,464.13,79.24,29.07,56.89,0,54.04,6.22,600.92,1076.86,558.03
Country or economy,Japan,JPN,2018,1082.93,25.75,360.66,445.61,81,49.11,52.21,0,61.22,7.37,586.37,1082.93,541.47
Country or economy,Japan,JPN,2019,1047.4,27.6,350.77,416.95,73.92,65.64,37.63,0,67.43,7.46,553.54,1047.4,528.49
Country or economy,Japan,JPN,2020,1011.03,30.37,340.25,409.44,78.33,43,25.31,0,75.92,8.41,533.57,1011.03,527.75
Country or economy,Japan,JPN,2021,1034.67,34.79,348.26,385.78,79.63,61.22,31.27,0,84.18,9.54,532.33,1034.67,514.49
Country or economy,Japan,JPN,2022,1040.57,37.83,350.99,378.84,74.87,51.77,45.78,0,91.07,9.42,540.68,1040.57,519.6
Country or economy,Japan,JPN,2023,1006.73,42.01,326.93,346.98,74.53,77.46,32.5,0,96.36,9.96,495.76,1006.73,492.45
Country or economy,Japan,JPN,2024,1016.39,45.42,327.13,346.24,79.45,84.91,25,0,96.7,11.54,491.35,1016.39,483.43
Country or economy,Netherlands,NLD,2000,88.06,1.99,24.28,51.52,0.14,3.93,5.36,0,0.01,0.83,47.58,88.06,540.31
Country or economy,Netherlands,NLD,2001,92.14,2.35,25.48,53.77,0.12,3.98,5.6,0,0.01,0.83,49.85,92.14,541.03
Country or economy,Netherlands,NLD,2002,94.64,2.9,25.99,55.28,0.11,3.91,5.48,0,0.02,0.95,50.99,94.64,538.78
Country or economy,Netherlands,NLD,2003,95.47,2.54,26.57,55.02,0.07,4.02,5.9,0,0.03,1.32,51.63,95.47,540.8
Country or economy,Netherlands,NLD,2004,99.82,3.31,24.95,59.99,0.09,3.82,5.76,0,0.03,1.87,52.18,99.82,522.74
Country or economy,Netherlands,NLD,2005,98.53,5.26,23.5,57.6,0.09,4,5.97,0,0.04,2.07,50.42,98.53,511.72
Country or economy,Netherlands,NLD,2006,97.52,5.17,23.74,57.14,0.11,3.47,5.11,0,0.04,2.74,49.87,97.52,511.38
Country or economy,Netherlands,NLD,2007,103.68,4,24.92,61.01,0.11,4.2,5.96,0,0.04,3.44,52.85,103.68,509.74
Country or economy,Netherlands,NLD,2008,106.21,5.13,23.48,63.36,0.1,4.17,5.67,0,0.04,4.26,52.51,106.21,494.4
Country or economy,Netherlands,NLD,2009,112.35,6.11,24.28,68.87,0.1,4.25,4.12,0,0.04,4.58,54.68,112.35,486.69
Country or economy,Netherlands,NLD,2010,118.1,7.04,22.59,75.33,0.1,3.97,5.02,0,0.06,3.99,56.47,118.1,478.15
Country or economy,Netherlands,NLD,2011,112.64,7.06,21.39,69.47,0.06,4.14,5.32,0,0.1,5.1,53.2,112.64,472.3
Country or economy,Netherlands,NLD,2012,102.27,7.2,24.21,56.56,0.1,3.91,5.12,0,0.19,4.98,50.57,102.27,494.48
Country or economy,Netherlands,NLD,2013,100.56,5.95,24.61,56.07,0.11,2.89,4.89,0,0.41,5.63,50.34,100.56,500.6
Country or economy,Netherlands,NLD,2014,102.1,5.01,29.49,51.52,0.11,4.09,5.35,0,0.73,5.8,53.22,102.1,521.25
Country or economy,Netherlands,NLD,2015,108.99,4.94,39.39,45.81,0.09,4.08,6.02,0,1.11,7.55,60.1,108.99,551.43
Country or economy,Netherlands,NLD,2016,113.96,4.91,36.82,52.53,0.1,3.96,5.87,0,1.6,8.17,59.78,113.96,524.57
Country or economy,Netherlands,NLD,2017,116.04,4.6,31.38,57.73,0.06,3.4,6.1,0,2.2,10.57,56.82,116.04,489.66
Country or economy,Netherlands,NLD,2018,113.1,4.55,27.58,57.63,0.07,3.51,5.5,0,3.71,10.55,52.83,113.1,467.11
Country or economy,Netherlands,NLD,2019,120.05,5.82,17.69,70.72,0.07,3.91,4.93,0,5.4,11.51,49.22,120.05,410
Country or economy,Netherlands,NLD,2020,121.96,8.84,7.62,72.52,0.05,4.09,5,0,8.57,15.27,41.82,121.96,342.9
Country or economy,Netherlands,NLD,2021,120.8,10.92,14.6,56.69,0.09,3.83,5.33,0,11.3,18.04,42.55,120.8,352.24
Country or economy,Netherlands,NLD,2022,119.79,9.82,14.8,47.74,0.05,4.16,5.16,0,16.66,21.4,39.06,119.79,326.07
Country or economy,Netherlands,NLD,2023,120.14,7.64,8.71,46.09,0.07,3.99,4.33,0,19.61,29.7,32.17,120.14,267.77
Country or economy,Netherlands,NLD,2024,122.51,6.68,7.47,44.29,0.09,3.57,4.93,0,21.82,33.66,30.68,122.51,250.43
Country or economy,Norway,NOR,2000,142.52,0.26,0.04,0.21,141.82,0,0.16,0,0,0.03,3.67,142.52,25.75
Country or economy,Norway,NOR,2001,121.32,0.25,0.04,0.24,120.46,0,0.3,0,0,0.03,3.26,121.32,26.87
Country or economy,Norway,NOR,2002,130.24,0.25,0.04,0.2,129.37,0,0.3,0,0,0.08,3.45,130.24,26.49
Country or economy,Norway,NOR,2003,106.67,0.33,0.04,0.3,105.48,0,0.3,0,0,0.22,2.96,106.67,27.75
Country or economy,Norway,NOR,2004,110.1,0.36,0.04,0.37,108.78,0,0.3,0,0,0.25,3.07,110.1,27.88
Country or economy,Norway,NOR,2005,137.25,0.33,0.04,0.38,135.69,0,0.31,0,0,0.5,3.7,137.25,26.96
Country or economy,Norway,NOR,2006,121.22,0.39,0.04,0.47,119.37,0,0.31,0,0,0.64,3.38,121.22,27.88
Country or economy,Norway,NOR,2007,136.11,0.39,0.04,0.76,133.66,0,0.37,0,0,0.89,3.89,136.11,28.58
Country or economy,Norway,NOR,2008,141.19,0.4,0.04,0.44,139.04,0,0.36,0,0,0.91,3.88,141.19,27.48
Country or economy,Norway,NOR,2009,130.97,0.23,0.04,4.23,125.28,0,0.22,0,0,0.97,5.12,130.97,39.09
Country or economy,Norway,NOR,2010,123.14,0.35,0.04,4.8,116.74,0,0.34,0,0,0.87,5.28,123.14,42.88
Country or economy,Norway,NOR,2011,125.93,0.34,0.04,3.71,120.28,0,0.27,0,0,1.29,4.83,125.93,38.36
Country or economy,Norway,NOR,2012,146.18,0.33,0.04,2.24,141.72,0,0.31,0,0,1.54,4.7,146.18,32.15
Country or economy,Norway,NOR,2013,133.14,0.4,0.04,2.07,128.14,0,0.61,0,0,1.88,4.52,133.14,33.95
Country or economy,Norway,NOR,2014,140.88,0.25,0.04,2.22,135.47,0,0.68,0,0,2.22,4.78,140.88,33.93
Country or economy,Norway,NOR,2015,143,0.25,0.04,2.2,137.3,0,0.69,0,0,2.52,4.81,143,33.64
Country or economy,Norway,NOR,2016,148.03,0.23,0.04,2.21,142.81,0,0.63,0,0,2.11,4.9,148.03,33.1
Country or economy,Norway,NOR,2017,148.27,0.26,0.04,2.06,142.37,0,0.69,0,0,2.85,4.89,148.27,32.98
Country or economy,Norway,NOR,2018,145.94,0.2,0.04,2.18,138.98,0,0.67,0,0,3.87,4.83,145.94,33.1
Country or economy,Norway,NOR,2019,133.83,0.25,0.04,2.06,125.29,0,0.66,0,0.01,5.52,4.48,133.83,33.48
Country or economy,Norway,NOR,2020,154.32,0.24,0.04,1.61,141.8,0,0.64,0,0.08,9.91,4.69,154.32,30.39
Country or economy,Norway,NOR,2021,157.13,0.22,0.04,0.31,143.97,0,0.72,0,0.11,11.76,4.23,157.13,26.92
Country or economy,Norway,NOR,2022,145.42,0.24,0.04,1.15,128.24,0,0.78,0,0.17,14.8,4.31,145.42,29.64
Country or economy,Norway,NOR,2023,153.53,0.25,0.03,1.53,136.71,0,0.79,0,0.36,13.86,4.68,153.53,30.48
Country or economy,Norway,NOR,2024,156.12,0.25,0.03,1.7,138.5,0,0.78,0,0.36,14.5,4.8,156.12,30.75
Country or economy,Poland,POL,2000,143.18,0.22,135.89,0.93,2.11,0,4.03,0,0,0,136.68,143.18,954.6
Country or economy,Poland,POL,2001,143.72,0.44,134.97,1.36,2.33,0,4.61,0,0,0.01,136.47,143.72,949.56
Country or economy,Poland,POL,2002,142.49,0.43,132.94,2.2,2.28,0,4.58,0,0,0.06,134.74,142.49,945.61
Country or economy,Poland,POL,2003,150.01,0.46,140.66,2.42,1.67,0,4.68,0,0,0.12,142.48,150.01,949.8
Country or economy,Poland,POL,2004,152.54,0.98,141.12,3.22,2.08,0,5,0,0,0.14,143.58,152.54,941.26
Country or economy,Poland,POL,2005,155.29,1.51,141.88,5.16,2.2,0,4.4,0,0,0.14,144.77,155.29,932.26
Country or economy,Poland,POL,2006,160.7,1.99,147.01,4.58,2.04,0,4.82,0,0,0.26,149.76,160.7,931.92
Country or economy,Poland,POL,2007,158.52,2.56,144.01,4.48,2.35,0,4.6,0,0,0.52,146.7,158.52,925.44
Country or economy,Poland,POL,2008,154.5,3.62,138.89,4.68,2.15,0,4.32,0,0,0.84,141.91,154.5,918.51
Country or economy,Poland,POL,2009,150.86,5.23,133.38,4.79,2.38,0,4,0,0,1.08,136.5,150.86,904.81
Country or economy,Poland,POL,2010,156.77,6.3,136.51,4.8,2.92,0,4.58,0,0,1.66,140,156.77,893.03
Country or economy,Poland,POL,2011,162.87,7.6,139.76,5.82,2.33,0,4.16,0,0,3.2,143.6,162.87,881.69
Country or economy,Poland,POL,2012,161.48,10.09,134.57,6.26,2.04,0,3.77,0,0,4.75,139,161.48,860.79
Country or economy,Poland,POL,2013,163.78,8.62,137.72,5.27,2.44,0,3.73,0,0,6,141.38,163.78,863.23
Country or economy,Poland,POL,2014,158.35,9.98,129.52,5.33,2.18,0,3.65,0,0.01,7.68,133.66,158.35,844.08
Country or economy,Poland,POL,2015,164.3,9.94,130.52,6.39,1.83,0,4.7,0,0.06,10.86,135.73,164.3,826.11
Country or economy,Poland,POL,2016,166,7.96,130.32,7.83,2.14,0,5.04,0,0.12,12.59,135.88,166,818.55
Country or economy,Poland,POL,2017,169.91,6.49,131.16,10.03,2.56,0,4.59,0,0.17,14.91,136.87,169.91,805.54
Country or economy,Poland,POL,2018,169.43,6.55,130.56,12.63,1.97,0,4.62,0,0.3,12.8,137.07,169.43,809.01
Country or economy,Poland,POL,2019,163.22,7.68,118.14,14.8,1.96,0,4.82,0,0.71,15.11,125.95,163.22,771.66
Country or economy,Poland,POL,2020,157.15,8.35,107.4,17.29,2.12,0,4.23,0,1.96,15.8,116.02,157.15,738.28
Country or economy,Poland,POL,2021,178.79,8.06,127.57,15.82,2.34,0,4.84,0,3.93,16.23,135.23,178.79,756.36
Country or economy,Poland,POL,2022,178.6,7.63,124.73,11.36,1.97,0,4.82,0,8.31,19.78,130.82,178.6,732.48
Country or economy,Poland,POL,2023,164.45,8.16,98.85,16.49,2.41,0,4.32,0,11.11,23.11,107.68,164.45,654.79
Country or economy,Poland,POL,2024,171.05,7.95,93.5,20.46,2.11,0,4.55,0,17.66,24.82,104.66,171.05,611.87
Country or economy,Singapore,SGP,2000,31.67,0.49,0,5.86,0,0,25.32,0,0,0,20.81,31.67,657.09
Country or economy,Singapore,SGP,2001,33.06,0.69,0,15.81,0,0,16.56,0,0,0,19.78,33.06,598.31
Country or economy,Singapore,SGP,2002,34.66,0.77,0,18.67,0,0,15.22,0,0,0,20.32,34.66,586.27
Country or economy,Singapore,SGP,2003,35.32,0.99,0,21.45,0,0,12.88,0,0,0,20.15,35.32,570.5
Country or economy,Singapore,SGP,2004,36.82,0.96,0,25.33,0,0,10.53,0,0,0,20.46,36.82,555.68
Country or economy,Singapore,SGP,2005,38.22,0.96,0,28.43,0,0,8.83,0,0,0,20.85,38.22,545.53
Country or economy,Singapore,SGP,2006,39.49,0.95,0,30.72,0,0,7.82,0,0,0,21.3,39.49,539.38
Country or economy,Singapore,SGP,2007,41.13,0.99,0,32.37,0,0,7.77,0,0,0,22.12,41.13,537.81
Country or economy,Singapore,SGP,2008,41.67,1.04,0,33.46,0,0,7.17,0,0,0,22.26,41.67,534.2
Country or economy,Singapore,SGP,2009,41.8,1.05,0,33.69,0,0,7.06,0,0,0,22.3,41.8,533.49
Country or economy,Singapore,SGP,2010,45.36,1.18,0,35.02,0,0,9.16,0,0,0,24.48,45.36,539.68
Country or economy,Singapore,SGP,2011,46,1.2,0,35.88,0,0,8.92,0,0,0,24.75,46,538.04
Country or economy,Singapore,SGP,2012,46.94,1.27,0,39.57,0,0,6.1,0,0,0,24.67,46.94,525.57
Country or economy,Singapore,SGP,2013,47.97,1.69,0,44.03,0,0,2.25,0,0,0,24.35,47.97,507.61
Country or economy,Singapore,SGP,2014,49.3,1.38,0.54,47.03,0,0,0.35,0,0,0,24.99,49.3,506.9
Country or economy,Singapore,SGP,2015,50.28,1.46,0.6,47.89,0,0,0.33,0,0,0,25.49,50.28,506.96
Country or economy,Singapore,SGP,2016,51.59,1.41,0.62,49.11,0,0,0.36,0,0.09,0,26.13,51.59,506.49
Country or economy,Singapore,SGP,2017,52.28,1.39,0.68,49.72,0,0,0.37,0,0.12,0,26.52,52.28,507.27
Country or economy,Singapore,SGP,2018,52.97,1.35,0.69,50.47,0,0,0.32,0,0.14,0,26.86,52.97,507.08
Country or economy,Singapore,SGP,2019,54.14,1.32,0.65,51.76,0,0,0.22,0,0.19,0,27.4,54.14,506.1
Country or economy,Singapore,SGP,2020,53.07,1.19,0.53,50.84,0,0,0.21,0,0.3,0,26.78,53.07,504.62
Country or economy,Singapore,SGP,2021,55.79,1.22,0.67,52.94,0,0,0.56,0,0.4,0,28.24,55.79,506.18
Country or economy,Singapore,SGP,2022,56.92,1.66,0.57,52.54,0,0,1.48,0,0.67,0,28.7,56.92,504.22
Country or economy,Singapore,SGP,2023,57.32,1.66,0.57,53.06,0,0,1.09,0,0.94,0,28.71,57.32,500.87
Country or economy,Singapore,SGP,2024,59.61,1.66,0.57,54.93,0,0,1.17,0,1.28,0,29.73,59.61,498.74
Country or economy,South Africa,ZAF,2000,210.67,0.48,196.07,0,1.1,13.01,0,0,0.01,0,168.41,210.67,799.4
Country or economy,South Africa,ZAF,2001,210.1,0.42,197.23,0,1.72,10.72,0,0,0.01,0,169.39,210.1,806.24
Country or economy,South Africa,ZAF,2002,220.57,0.46,206.03,0,2.08,11.99,0,0,0.01,0,176.96,220.57,802.29
Country or economy,South Africa,ZAF,2003,234.23,0.41,220.31,0,0.83,12.66,0,0,0.01,0.01,189.18,234.23,807.67
Country or economy,South Africa,ZAF,2004,244.61,0.38,229.88,0,0.95,13.37,0,0,0.02,0.01,197.38,244.61,806.92
Country or economy,South Africa,ZAF,2005,244.93,0.43,231.76,0.09,1.33,11.29,0,0,0.02,0.01,199.05,244.93,812.68
Country or economy,South Africa,ZAF,2006,253.81,0.41,240.42,0.02,2.9,10.03,0,0,0.02,0.01,206.47,253.81,813.48
Country or economy,South Africa,ZAF,2007,263.49,0.43,247.58,0.09,2.87,11.32,1.17,0,0.02,0.01,213.44,263.49,810.05
Country or economy,South Africa,ZAF,2008,258.29,0.46,243.3,0.09,1.26,13,0.14,0,0.02,0.02,209.06,258.29,809.4
Country or economy,South Africa,ZAF,2009,249.56,0.45,234.74,0.01,1.45,12.81,0.05,0,0.02,0.03,201.62,249.56,807.9
Country or economy,South Africa,ZAF,2010,259.6,0.4,243.45,0.82,1.14,13.53,0.2,0,0.03,0.03,209.65,259.6,807.59
Country or economy,South Africa,ZAF,2011,262.54,0.41,244.44,0.89,3.06,12.9,0.72,0,0.08,0.04,210.92,262.54,803.38
Country or economy,South Africa,ZAF,2012,257.93,0.42,239.68,1.78,1.02,12.97,1.93,0,0.09,0.04,208.11,257.93,806.85
Country or economy,South Africa,ZAF,2013,256.14,0.48,233.49,3.02,1.1,14.11,3.66,0,0.24,0.04,204.69,256.14,799.13
Country or economy,South Africa,ZAF,2014,254.76,0.36,229.77,3.14,1.8,13.79,3.76,0,1.07,1.07,201.67,254.76,791.61
Country or economy,South Africa,ZAF,2015,250.4,0.32,227.3,0,0.73,12.24,3.99,0,2.75,3.07,197.8,250.4,789.94
Country or economy,South Africa,ZAF,2016,253.07,0.33,229.58,0,0.62,15.03,0.03,0,3.27,4.21,197.06,253.07,778.68
Country or economy,South Africa,ZAF,2017,255.44,0.39,228.7,0,0.78,14.19,0.12,0,4.24,7.02,196.19,255.44,768.05
Country or economy,South Africa,ZAF,2018,256.33,0.43,231.01,0,1.1,11.58,1.23,0,4.57,6.41,198.55,256.33,774.59
Country or economy,South Africa,ZAF,2019,252.57,0.43,225.26,0,0.74,13.25,1.36,0,4.9,6.63,193.38,252.57,765.65
Country or economy,South Africa,ZAF,2020,239.46,0.41,214.08,0,1.47,9.9,1.49,0,5.7,6.41,183.66,239.46,766.98
Country or economy,South Africa,ZAF,2021,244.4,0.41,210.92,0,2.02,12.35,3.27,0,6.78,8.65,181.96,244.4,744.52
Country or economy,South Africa,ZAF,2022,238.84,0.36,201.77,0,3.1,10.1,3.68,0,10.13,9.7,174.34,238.84,729.95
Country or economy,South Africa,ZAF,2023,233.71,0.47,192.29,0,2,8.1,3.68,0,15.57,11.6,166.46,233.71,712.25
Country or economy,South Africa,ZAF,2024,249.07,0.47,206.81,0,1.1,7.8,1.94,0,19.85,11.1,177.63,249.07,713.17
Country or economy,South Korea,KOR,2000,290.45,0.08,114.88,29.66,4.01,108.96,32.83,0,0.01,0.02,134.07,290.45,461.59
Country or economy,South Korea,KOR,2001,309.88,0.09,127.36,33.67,2.33,112.13,34.28,0,0.01,0.01,147.29,309.88,475.31
Country or economy,South Korea,KOR,2002,332.01,0.18,137.49,42.93,3.23,119.1,29.06,0,0.01,0.01,156.97,332.01,472.79
Country or economy,South Korea,KOR,2003,347.77,0.19,139.13,45.51,4.89,129.67,28.35,0,0.01,0.02,159.24,347.77,457.89
Country or economy,South Korea,KOR,2004,368.02,0.29,143.41,63.18,4.31,130.71,26.06,0,0.01,0.05,170.25,368.02,462.61
Country or economy,South Korea,KOR,2005,389.47,0.26,150.36,64.49,3.67,146.78,23.77,0,0.01,0.13,175.1,389.47,449.59
Country or economy,South Korea,KOR,2006,402.99,0.24,153.99,74.84,3.47,148.75,21.43,0,0.03,0.24,181.82,402.99,451.18
Country or economy,South Korea,KOR,2007,425.41,0.38,170.89,84.4,3.63,142.94,22.72,0,0.07,0.38,201.49,425.41,473.64
Country or economy,South Korea,KOR,2008,442.61,0.65,190.95,81.7,3.07,150.96,14.56,0,0.28,0.44,211.24,442.61,477.26
Country or economy,South Korea,KOR,2009,452.45,0.54,209.35,71.38,2.81,147.77,19.34,0,0.57,0.69,224.09,452.45,495.28
Country or economy,South Korea,KOR,2010,495.03,0.42,218.41,104.3,3.68,148.6,18.03,0,0.77,0.82,247.62,495.03,500.21
Country or economy,South Korea,KOR,2011,518.16,1.02,225.08,115.34,4.6,154.72,15.62,0,0.92,0.86,257.57,518.16,497.09
Country or economy,South Korea,KOR,2012,531.21,2.16,223.43,128.94,3.97,150.33,20.34,0,1.13,0.91,266.61,531.21,501.89
Country or economy,South Korea,KOR,2013,537.16,3.12,223.75,143.85,4.29,138.78,20.55,0,1.67,1.15,274.89,537.16,511.75
Country or economy,South Korea,KOR,2014,540.38,6.3,226.07,130.84,2.75,156.41,14.17,0,2.69,1.15,266.62,540.38,493.39
Country or economy,South Korea,KOR,2015,547.8,7.48,232.68,122.03,2.15,164.76,13.13,0,4.23,1.34,267.13,547.8,487.64
Country or economy,South Korea,KOR,2016,560.98,8.08,232.91,130.52,2.85,161.99,17.43,0,5.52,1.68,274.53,560.98,489.38
Country or economy,South Korea,KOR,2017,576.41,9.61,260.79,135.16,2.81,148.43,9.7,0,7.74,2.17,294.82,576.41,511.48
Country or economy,South Korea,KOR,2018,592.91,11.81,257.67,163.28,3.36,133.51,10.65,0,10.17,2.46,307.61,592.91,518.81
Country or economy,South Korea,KOR,2019,586.8,13.35,245.04,155.41,2.79,145.91,7.43,0,14.19,2.68,291.62,586.8,496.97
Country or economy,South Korea,KOR,2020,577.11,14.03,207.97,162.54,3.88,160.18,6.02,0,19.34,3.15,264.1,577.11,457.63
Country or economy,South Korea,KOR,2021,607.76,17.15,213.32,181.23,3.05,158.01,7.1,0,24.72,3.18,279.24,607.76,459.46
Country or economy,South Korea,KOR,2022,622.59,17.85,209.22,174.71,3.54,176.05,7.12,0,30.73,3.37,272.73,622.59,438.06
Country or economy,South Korea,KOR,2023,617.49,18.72,201.34,169.61,3.72,180.49,6.98,0,33.24,3.39,263.85,617.49,427.29
Country or economy,South Korea,KOR,2024,625.38,20.34,190.78,178.35,4.3,188.75,6.78,0,32.72,3.36,259.85,625.38,415.51
Country or economy,Spain,ESP,2000,220.92,1.49,79.09,20.18,28.26,62.21,24.95,0,0.01,4.73,104.03,220.92,470.89
Country or economy,Spain,ESP,2001,233.07,1.63,70.27,23.36,40.89,63.71,26.43,0,0.02,6.76,98.47,233.07,422.49
Country or economy,Spain,ESP,2002,239.91,2.59,81.18,32.39,21.22,63.02,30.15,0,0.02,9.34,115.61,239.91,481.89
Country or economy,Spain,ESP,2003,257.3,3.18,74.73,39.37,40.48,61.88,25.57,0,0.02,12.07,110.44,257.3,429.23
Country or economy,Spain,ESP,2004,276.61,3.33,79.1,55.46,31.08,63.61,28.31,0,0.02,15.7,124.23,276.61,449.12
Country or economy,Spain,ESP,2005,289.46,2.65,79.06,79.01,18.39,57.54,31.58,0,0.05,21.18,137.51,289.46,475.06
Country or economy,Spain,ESP,2006,295.59,2.77,66.74,90.57,25.96,60.13,26,0,0.12,23.3,127.92,295.59,432.76
Country or economy,Spain,ESP,2007,301.86,2.9,72.8,94.8,27.31,55.1,20.86,0,0.52,27.57,132.47,301.86,438.85
Country or economy,Spain,ESP,2008,309.79,3.26,48.71,120.8,23.36,58.97,19.16,0,2.58,32.95,120.89,309.79,390.23
Country or economy,Spain,ESP,2009,290.72,3.49,35.91,107.75,26.41,52.76,20.22,0,6.06,38.12,103.21,290.72,355.02
Country or economy,Spain,ESP,2010,297.8,4.01,25.33,94.85,42.3,61.99,17.86,0,7.19,44.27,85.84,297.8,288.25
Country or economy,Spain,ESP,2011,291.54,4.61,43.98,85.51,30.6,57.72,16.8,0,9.4,42.92,98.33,291.54,337.28
Country or economy,Spain,ESP,2012,293.95,4.98,55.07,73.31,20.55,61.47,17.13,0,11.97,49.47,103.21,293.95,351.11
Country or economy,Spain,ESP,2013,281.46,5.8,39.94,57.54,36.87,56.73,15.84,0,13.1,55.64,80.74,281.46,286.86
Country or economy,Spain,ESP,2014,274.44,5.41,43.81,47.27,39.17,57.31,15.79,0,13.67,52.01,79.31,274.44,288.99
Country or economy,Spain,ESP,2015,277.17,5.76,51.37,52.5,28.14,57.2,19.02,0,13.86,49.32,91.05,277.17,328.5
Country or economy,Spain,ESP,2016,270.7,5.69,36.43,52.83,36.4,58.63,18.18,0,13.64,48.9,76.59,270.7,282.93
Country or economy,Spain,ESP,2017,272.38,6.08,45.13,64.04,18.32,58.04,17.24,0,14.4,49.13,89.66,272.38,329.17
Country or economy,Spain,ESP,2018,271.4,5.91,37.34,58,34.33,55.77,16.42,0,12.74,50.89,78.94,271.4,290.86
Country or economy,Spain,ESP,2019,270.52,5.57,12.86,83.71,24.65,58.35,14.61,0.02,15.1,55.65,66.73,270.52,246.67
Country or economy,Spain,ESP,2020,259.47,6.14,5.52,69.74,30.51,58.3,12.12,0.03,20.67,56.44,51.66,259.47,199.1
Country or economy,Spain,ESP,2021,270.75,6.94,4.86,71.5,29.63,56.56,12.08,0.02,27.1,62.06,52.4,270.75,193.54
Country or economy,Spain,ESP,2022,287.15,6.8,7.86,86.1,17.59,58.59,11.69,0.02,35.72,62.78,62.35,287.15,217.13
Country or economy,Spain,ESP,2023,279.84,5.9,3.62,64.36,25,56.87,10.48,0.01,48.59,65.01,47.37,279.84,169.28
Country or economy,Spain,ESP,2024,281.65,6.17,2.58,52.34,34.41,54.51,10.41,0.01,58.29,62.93,41.09,281.65,145.89
Country or economy,Sweden,SWE,2000,145.23,4.1,1.64,0.48,78.58,57.32,2.65,0,0,0.46,6.52,145.23,44.89
Country or economy,Sweden,SWE,2001,161.6,3.78,1.88,0.4,79.06,72.11,3.89,0,0,0.48,7.56,161.6,46.78
Country or economy,Sweden,SWE,2002,146.7,4.18,2.37,0.56,66.36,68.11,4.51,0,0,0.61,8.25,146.7,56.24
Country or economy,Sweden,SWE,2003,135.39,4.51,2.85,0.73,53.54,67.42,5.66,0,0,0.68,9.28,135.39,68.54
Country or economy,Sweden,SWE,2004,151.56,7.2,1.01,0.78,60.12,77.49,4.1,0,0,0.86,7.28,151.56,48.03
Country or economy,Sweden,SWE,2005,158.36,7.49,0.65,0.6,72.8,72.38,3.51,0,0,0.93,6.83,158.36,43.13
Country or economy,Sweden,SWE,2006,143.28,8.36,0.88,0.6,61.72,66.98,3.76,0,0,0.98,7.12,143.28,49.69
Country or economy,Sweden,SWE,2007,148.82,9.84,0.65,0.83,66.16,66.97,2.94,0,0,1.43,6.85,148.82,46.03
Country or economy,Sweden,SWE,2008,149.9,10.34,0.51,0.62,69.07,63.89,3.47,0,0,2,7.17,149.9,47.83
Country or economy,Sweden,SWE,2009,136.6,11.46,0.51,1.56,65.85,52.17,2.55,0,0.01,2.49,6.98,136.6,51.1
Country or economy,Sweden,SWE,2010,148.45,12.19,1.02,2.91,66.4,57.83,4.6,0,0.01,3.49,9.46,148.45,63.73
Country or economy,Sweden,SWE,2011,150.28,11.54,0.66,1.58,66.43,60.47,3.48,0,0.01,6.11,7.86,150.28,52.3
Country or economy,Sweden,SWE,2012,166.44,12.19,0.48,0.92,78.93,64.04,2.69,0,0.02,7.17,7.44,166.44,44.7
Country or economy,Sweden,SWE,2013,153.03,11.45,0.65,0.85,61.36,66.46,2.38,0,0.04,9.84,6.84,153.03,44.7
Country or economy,Sweden,SWE,2014,153.56,10.7,0.37,0.42,63.76,64.88,2.14,0,0.05,11.24,6.17,153.56,40.18
Country or economy,Sweden,SWE,2015,162,10.77,0.39,0.45,75.31,56.35,2.31,0,0.1,16.32,6.62,162,40.86
Country or economy,Sweden,SWE,2016,155.89,11.49,0.26,0.68,62.02,63.1,2.72,0,0.14,15.48,6.7,155.89,42.98
Country or economy,Sweden,SWE,2017,164.23,12.08,0.32,0.33,65.14,65.7,2.82,0,0.23,17.61,6.98,164.23,42.5
Country or economy,Sweden,SWE,2018,163.36,11.91,0.34,0.38,62.21,68.55,2.94,0,0.41,16.62,6.98,163.36,42.73
Country or economy,Sweden,SWE,2019,168.42,13.04,0.21,0.29,65.37,66.13,2.85,0,0.68,19.85,7.13,168.42,42.34
Country or economy,Sweden,SWE,2020,163.78,11.18,0,0.1,72.39,49.2,2.34,0,1.05,27.52,6.34,163.78,38.71
Country or economy,Sweden,SWE,2021,171.78,13.08,0,0.29,73.89,52.97,2.77,0,1.53,27.25,7.17,171.78,41.74
Country or economy,Sweden,SWE,2022,173.05,13.13,0,0.15,69.87,51.94,2.73,0,1.98,33.25,7.1,173.05,41.03
Country or economy,Sweden,SWE,2023,165.89,11.7,0,0.16,66.19,48.47,2.17,0,3.11,34.09,6.38,165.89,38.46
Country or economy,Sweden,SWE,2024,171.99,10.18,0,0.11,64.61,50.67,1.97,0,4.16,40.29,6,171.99,34.89
Country or economy,Switzerland,CHE,2000,66.12,0.21,0,0.86,36.83,26.45,1.13,0.63,0.01,0,2.22,66.12,33.58
Country or economy,Switzerland,CHE,2001,71.05,0.2,0,0.85,41.31,26.81,1.19,0.68,0.01,0,2.37,71.05,33.36
Country or economy,Switzerland,CHE,2002,65.41,0.21,0,0.89,35.17,27.23,1.19,0.71,0.01,0,2.24,65.41,34.25
Country or economy,Switzerland,CHE,2003,65.34,0.22,0,0.93,34.76,27.49,1.2,0.72,0.02,0,2.25,65.34,34.44
Country or economy,Switzerland,CHE,2004,63.87,0.22,0,0.94,33.75,26.96,1.21,0.76,0.02,0.01,2.25,63.87,35.23
Country or economy,Switzerland,CHE,2005,57.8,0.22,0,0.87,31.23,23.34,1.3,0.81,0.02,0.01,2.2,57.8,38.06
Country or economy,Switzerland,CHE,2006,62.13,0.23,0,0.79,30.96,27.82,1.39,0.91,0.02,0.01,2.25,62.13,36.21
Country or economy,Switzerland,CHE,2007,66.43,0.29,0,0.74,35.25,27.92,1.29,0.89,0.03,0.02,2.29,66.43,34.47
Country or economy,Switzerland,CHE,2008,67.04,0.32,0,0.73,36.04,27.7,1.28,0.91,0.04,0.02,2.29,67.04,34.16
Country or economy,Switzerland,CHE,2009,66.67,0.36,0,0.71,35.72,27.69,1.24,0.88,0.05,0.02,2.27,66.67,34.05
Country or economy,Switzerland,CHE,2010,66.05,0.36,0,1.03,36.06,26.34,1.21,0.92,0.09,0.04,2.37,66.05,35.88
Country or economy,Switzerland,CHE,2011,62.88,0.44,0,0.96,32.39,26.71,1.19,0.95,0.17,0.07,2.28,62.88,36.26
Country or economy,Switzerland,CHE,2012,68.13,0.53,0,0.91,38.6,25.44,1.25,1.01,0.3,0.09,2.47,68.13,36.25
Country or economy,Switzerland,CHE,2013,68.69,0.58,0,0.75,38.46,25.99,1.28,1.04,0.5,0.09,2.44,68.69,35.52
Country or economy,Switzerland,CHE,2014,70.08,0.59,0,0.5,38.04,27.56,1.35,1.1,0.84,0.1,2.41,70.08,34.39
Country or economy,Switzerland,CHE,2015,66.07,0.52,0,0.63,38.26,23.09,1.23,1.11,1.12,0.11,2.35,66.07,35.57
Country or economy,Switzerland,CHE,2016,61.1,0.58,0,0.86,34.62,21.15,1.28,1.17,1.33,0.11,2.41,61.1,39.44
Country or economy,Switzerland,CHE,2017,60.15,0.69,0,0.72,34.09,20.38,1.29,1.17,1.68,0.13,2.39,60.15,39.73
Country or economy,Switzerland,CHE,2018,66.29,0.66,0,0.62,34.99,25.51,1.28,1.16,1.95,0.12,2.39,66.29,36.05
Country or economy,Switzerland,CHE,2019,70.57,0.71,0,0.61,38.04,26.42,1.29,1.17,2.18,0.15,2.49,70.57,35.28
Country or economy,Switzerland,CHE,2020,68.49,0.81,0,0.62,37.87,24.02,1.25,1.18,2.6,0.14,2.51,68.49,36.65
Country or economy,Switzerland,CHE,2021,63.09,0.96,0,0.5,36.96,19.36,1.22,1.11,2.84,0.14,2.43,63.09,38.52
Country or economy,Switzerland,CHE,2022,61.73,0.99,0,0.38,29.9,24.15,1.21,1.09,3.86,0.15,2.3,61.73,37.26
Country or economy,Switzerland,CHE,2023,67.46,0,0,0,37.18,24.36,1.04,0,4.71,0.17,1.97,67.46,29.2
Country or economy,Switzerland,CHE,2024,75.76,0,0,0,44.73,24,1.1,0,5.75,0.18,2.24,75.76,29.57
Country or economy,United Arab Emirates,ARE,2000,39.94,0,0,39.94,0,0,0,0,0,0,27.03,39.94,676.77
Country or economy,United Arab Emirates,ARE,2001,43.17,0,0,43.17,0,0,0,0,0,0,29.21,43.17,676.63
Country or economy,United Arab Emirates,ARE,2002,46.85,0,0,46.85,0,0,0,0,0,0,31.71,46.85,676.84
Country or economy,United Arab Emirates,ARE,2003,49.45,0,0,49.45,0,0,0,0,0,0,33.46,49.45,676.64
Country or economy,United Arab Emirates,ARE,2004,52.41,0,0,52.41,0,0,0,0,0,0,35.47,52.41,676.78
Country or economy,United Arab Emirates,ARE,2005,60.7,0,0,60.7,0,0,0,0,0,0,41.08,60.7,676.77
Country or economy,United Arab Emirates,ARE,2006,62.44,0,0,62.44,0,0,0,0,0,0,42.26,62.44,676.81
Country or economy,United Arab Emirates,ARE,2007,78.76,0,0,78.76,0,0,0,0,0,0,53.3,78.76,676.74
Country or economy,United Arab Emirates,ARE,2008,80.46,0,0,80.46,0,0,0,0,0,0,54.45,80.46,676.73
Country or economy,United Arab Emirates,ARE,2009,85.7,0,0,85.69,0,0,0,0,0.01,0,57.99,85.7,676.66
Country or economy,United Arab Emirates,ARE,2010,93.95,0,0,93.93,0,0,0,0,0.02,0,63.57,93.95,676.64
Country or economy,United Arab Emirates,ARE,2011,99.13,0,0,99.11,0,0,0,0,0.02,0,67.07,99.13,676.59
Country or economy,United Arab Emirates,ARE,2012,106.21,0,0,106.19,0,0,0,0,0.02,0,71.86,106.21,676.58
Country or economy,United Arab Emirates,ARE,2013,109.99,0,0,109.9,0,0,0,0,0.09,0,74.37,109.99,676.15
Country or economy,United Arab Emirates,ARE,2014,116.54,0,0,116.23,0,0,0,0,0.31,0,78.67,116.54,675.05
Country or economy,United Arab Emirates,ARE,2015,127.38,0,0,127.08,0,0,0,0,0.3,0,86.01,127.38,675.22
Country or economy,United Arab Emirates,ARE,2016,129.61,0,0,129.29,0,0,0,0,0.32,0,87.52,129.61,675.26
Country or economy,United Arab Emirates,ARE,2017,134.57,0,0,133.82,0,0,0,0,0.75,0,90.6,134.57,673.26
Country or economy,United Arab Emirates,ARE,2018,136.01,0,0,134.81,0,0,0,0,1.2,0,91.29,136.01,671.2
Country or economy,United Arab Emirates,ARE,2019,138.45,0,0,134.79,0,0,0,0,3.66,0,91.39,138.45,660.09
Country or economy,United Arab Emirates,ARE,2020,137.31,0,0.73,129.77,0,1.63,0,0,5.18,0,88.66,137.31,645.69
Country or economy,United Arab Emirates,ARE,2021,149.05,0,3.01,129.24,0,10.55,0,0,6.25,0,90.22,149.05,605.3
Country or economy,United Arab Emirates,ARE,2022,155.42,0.01,0,127.57,0,20.1,0,0,7.74,0,86.8,155.42,558.49
Country or economy,United Arab Emirates,ARE,2023,167.53,0.21,0,118.42,0,34.44,0,0,14.4,0.06,81.05,167.53,483.79
Country or economy,United Arab Emirates,ARE,2024,177.26,0.21,0,121.01,0,40.63,0,0,15.21,0.2,82.87,177.26,467.51
Country or economy,United Kingdom,GBR,2000,377.06,3.88,119.95,148.08,5.09,85.06,14.06,0,0,0.94,196.82,377.06,521.99
Country or economy,United Kingdom,GBR,2001,384.77,4.53,131.46,141.91,4.05,90.09,11.77,0,0,0.96,203.54,384.77,528.99
Country or economy,United Kingdom,GBR,2002,387.24,5.08,124.28,152.28,4.79,87.85,11.71,0,0,1.25,201.71,387.24,520.89
Country or economy,United Kingdom,GBR,2003,398.21,6.17,138.46,148.88,3.23,88.69,11.49,0,0,1.29,213.75,398.21,536.78
Country or economy,United Kingdom,GBR,2004,393.92,7.36,131.79,157.06,4.84,80,10.93,0,0,1.94,211.15,393.92,536.02
Country or economy,United Kingdom,GBR,2005,398.35,9.1,134.64,152.64,4.92,81.62,12.52,0,0.01,2.9,213.22,398.35,535.26
Country or economy,United Kingdom,GBR,2006,397.27,9.28,148.85,140.83,4.59,75.45,14.04,0,0.01,4.22,222.21,397.27,559.34
Country or economy,United Kingdom,GBR,2007,396.81,9.32,135.94,165.79,5.08,63.03,12.37,0,0.01,5.27,220.65,396.81,556.06
Country or economy,United Kingdom,GBR,2008,388.96,9.65,124.38,176.22,5.14,52.49,13.93,0,0.02,7.13,215.63,388.96,554.38
Country or economy,United Kingdom,GBR,2009,376.76,10.71,103.04,166.5,5.23,69.1,12.88,0,0.02,9.28,190.13,376.76,504.65
Country or economy,United Kingdom,GBR,2010,382.06,12.26,107.59,175.65,3.59,62.14,10.5,0,0.04,10.29,197.6,382.06,517.2
Country or economy,United Kingdom,GBR,2011,367.97,13.31,108.44,146.5,5.69,68.98,8.85,0,0.24,15.96,183.85,367.97,499.63
Country or economy,United Kingdom,GBR,2012,363.87,14.74,142.79,100.17,5.31,70.41,9.26,0,1.35,19.84,195.48,363.87,537.23
Country or economy,United Kingdom,GBR,2013,358.28,18.1,130.26,95.84,4.7,70.61,8.36,0,2.01,28.4,181.62,358.28,506.92
Country or economy,United Kingdom,GBR,2014,338.08,22.62,100.24,100.89,5.89,63.75,8.69,0,4.05,31.95,156.49,338.08,462.88
Country or economy,United Kingdom,GBR,2015,338.87,29.26,75.88,99.88,6.3,70.34,9.41,0,7.53,40.27,134.8,338.87,397.79
Country or economy,United Kingdom,GBR,2016,339.18,30.07,30.67,143.13,5.37,71.73,10.64,0,10.41,37.16,113.1,339.18,333.45
Country or economy,United Kingdom,GBR,2017,338.22,31.9,22.53,136.75,5.88,70.34,9.71,0,11.46,49.65,102.21,338.22,302.2
Country or economy,United Kingdom,GBR,2018,333.76,35.11,16.83,131.49,5.44,65.06,10.24,0.01,12.67,56.91,95.34,333.76,285.65
Country or economy,United Kingdom,GBR,2019,327.19,37.54,6.92,133.09,5.93,56.18,11.26,0.01,12.42,63.84,87.82,327.19,268.41
Country or economy,United Kingdom,GBR,2020,310.3,38.58,5.7,111.89,6.88,50.24,8.84,0,12.55,75.62,75.26,310.3,242.54
Country or economy,United Kingdom,GBR,2021,307.9,40.01,6.79,122.84,5.42,46.1,9.68,0,12.13,64.93,82.24,307.9,267.1
Country or economy,United Kingdom,GBR,2022,324.58,35.85,5.94,125.11,5.66,47.4,11.07,0,13.34,80.21,82.76,324.58,254.98
Country or economy,United Kingdom,GBR,2023,292.53,34.1,3.78,101.66,5.54,40.6,10.82,0,13.88,82.15,68.93,292.53,235.63
Country or economy,United Kingdom,GBR,2024,284.16,40.09,1.9,86.3,5.76,40.59,11.45,0,14.79,83.28,61.52,284.16,216.5
Country or economy,United States of America,USA,2000,3802.1,60.73,1966.27,614.99,270.03,753.89,116.02,14.09,0.49,5.59,2309.84,3802.1,607.52
Country or economy,United States of America,USA,2001,3727.57,49.75,1903.96,639.13,208.14,768.83,135.59,14.89,0.54,6.74,2273.41,3727.57,609.89
Country or economy,United States of America,USA,2002,3844.23,53.71,1933.13,691.01,255.59,780.06,103.69,16.14,0.55,10.35,2309.06,3844.23,600.66
Country or economy,United States of America,USA,2003,3868.94,53.34,1973.74,649.91,267.27,763.73,132.38,16.85,0.53,11.19,2345.89,3868.94,606.34
Country or economy,United States of America,USA,2004,3951.95,53.54,1978.3,710.1,259.93,788.53,129.88,16.95,0.58,14.14,2380.82,3951.95,602.44
Country or economy,United States of America,USA,2005,4034.99,54.28,2012.87,760.96,263.76,781.99,126.13,16.64,0.55,17.81,2438.7,4034.99,604.39
Country or economy,United States of America,USA,2006,4046.94,54.86,1990.51,816.44,282.69,787.22,71.61,16.51,0.51,26.59,2409.78,4046.94,595.46
Country or economy,United States of America,USA,2007,4142.57,55.54,2016.46,896.59,240.61,806.42,75.19,16.7,0.61,34.45,2479.22,4142.57,598.47
Country or economy,United States of America,USA,2008,4107.53,55.03,1985.8,882.98,248.54,806.21,55.43,17.32,0.86,55.36,2428.91,4107.53,591.33
Country or economy,United States of America,USA,2009,3939.82,54.49,1755.9,920.98,268.82,798.85,48.53,17.47,0.89,73.89,2226.07,3939.82,565.02
Country or economy,United States of America,USA,2010,4113.94,56.09,1847.29,987.7,254.7,806.97,47.5,17.83,1.21,94.65,2348.28,4113.94,570.81
Country or economy,United States of America,USA,2011,4088.87,56.67,1733.43,1013.69,312.93,790.2,41.81,18.14,1.82,120.18,2250.83,4088.87,550.48
Country or economy,United States of America,USA,2012,4040.67,57.62,1514.04,1225.89,271.29,769.33,39.09,18.26,4.33,140.82,2152.74,4040.67,532.77
Country or economy,United States of America,USA,2013,4055.61,60.86,1581.11,1124.84,263.88,789.02,40.26,18.76,9.04,167.84,2163.4,4055.61,533.43
Country or economy,United States of America,USA,2014,4096.01,63.99,1581.71,1126.61,253.19,797.17,43.69,19.08,28.92,181.65,2168.45,4096.01,529.41
Country or economy,United States of America,USA,2015,4083.99,63.63,1352.4,1333.48,243.99,797.18,44.44,19.12,39.03,190.72,2061.99,4083.99,504.9
Country or economy,United States of America,USA,2016,4087.56,62.76,1239.15,1378.31,261.13,805.69,39.5,19.16,54.87,226.99,1975.7,4087.56,483.35
Country or economy,United States of America,USA,2017,4052.31,62.73,1205.84,1296.44,293.84,804.95,37.89,19.04,77.28,254.3,1900.6,4052.31,469.02
Country or economy,United States of America,USA,2018,4201.55,61.83,1149.49,1469.13,286.62,807.08,42.68,18.69,93.36,272.67,1943.68,4201.55,462.61
Country or economy,United States of America,USA,2019,4158.38,57.51,964.96,1585.81,282.61,809.41,37.44,17.87,106.89,295.88,1827.4,4158.38,439.45
Country or economy,United States of America,USA,2020,4043.18,54.7,773.39,1624.17,279.95,789.88,34.34,18.09,130.72,337.94,1664.71,4043.18,411.73
Country or economy,United States of America,USA,2021,4153.62,54.25,898,1579.19,246.47,779.65,35.2,18.24,164.42,378.2,1760.23,4153.62,423.78
Country or economy,United States of America,USA,2022,4286.89,51.85,831.51,1687.06,248.76,771.54,38.64,18.16,205.07,434.3,1759.3,4286.89,410.39
Country or economy,United States of America,USA,2023,4253.91,47.2,675.11,1806.06,239.01,774.87,33.13,18.45,238.94,421.14,1671.3,4253.91,392.89
Country or economy,United States of America,USA,2024,4391.02,46.42,652.16,1869.9,237.04,781.86,30.47,17.52,303.75,451.9,1685.19,4391.02,383.78
